chr	start	end	strand	pvalue	qvalue	meth.diff	ID	gene	distance
chr1	118399320	118399320	+	0.000217802787175725	0.000561409500407187	-41.6020671834625	uc.822	Tfcp2l1	(-228626),
chr1	118530477	118530477	+	1.04616508062224e-07	8.92684426856594e-07	50.5	uc.823	Tfcp2l1	(-97469),
chr1	118625720	118625720	+	8.71771923645681e-05	0.000260738795320635	45.1127819548872	uc.824	Tfcp2l1	(-2226),
chr1	118741406	118741406	-	8.54759524935804e-32	5.90006309682189e-28	-94.1538461538462	uc.825	Tfcp2l1	(+113461),
chr1	118840044	118840044	+	1.04796537341419e-08	1.24654244124226e-07	56.2273901808785	uc.826	Tfcp2l1	(+212099),
chr1	118850327	118850327	+	1.50291804797973e-17	2.66001079948331e-15	-51.1305822498587	uc.827	Tfcp2l1	(+222382)
chr1	133709603	133709603	-	2.22410038266474e-15	2.08269632713335e-13	-43.130677847659	uc.945	Lax1	(-19496)
chr1	133771926	133771926	+	4.70143449027604e-09	6.26111114676569e-08	53.8461538461538	uc.946	Lax1	(-81819),
chr1	136517878	136517878	+	2.14590047408796e-09	3.18912562638309e-08	-51.7241379310345	uc.1002	Zfp281	(-107023),
chr1	136527009	136527009	-	3.43670131927923e-07	2.46726899050488e-06	44.1666666666667	uc.1003	Zfp281	(-97892),
chr1	136551331	136551331	-	9.27829433912714e-07	5.73018652256256e-06	44.1860465116279	uc.1004	Zfp281	(-73570),
chr1	136551592	136551592	-	6.46737436869672e-06	2.94208312632986e-05	-45.3889334402566	uc.1005	Zfp281	(-73309),
chr1	136579668	136579668	-	1.54038041989216e-13	8.26396959980384e-12	46.6666666666667	uc.1006	Zfp281	(-45233),
chr1	136579670	136579670	-	2.91329673598327e-08	2.98712448749229e-07	47.7777777777778	uc.1007	Zfp281	(-45231),
chr1	136705810	136705810	+	6.63958493634338e-10	1.16052034264815e-08	55.7017543859649	uc.1008	Zfp281	(+80910),
chr1	136755675	136755675	+	1.05149446357784e-07	8.96553107812046e-07	-46.3414634146341	uc.1009	Zfp281	(+130775),
chr1	136755697	136755697	+	1.05149446357784e-07	8.96553107812046e-07	-46.3414634146341	uc.1010	Zfp281	(+130797),
chr1	136789568	136789568	-	2.18486952063453e-10	4.45318875078638e-09	44.0860215053764	uc.1011	Zfp281	(+164668),
chr1	136839230	136839230	+	3.06375201485994e-08	3.11921011195225e-07	-51.1695906432749	uc.1012	Zfp281	(+214330),
chr1	136839265	136839265	-	5.79888007383249e-10	1.03376419415383e-08	47.1085120207927	uc.1013	Zfp281	(+214365),
chr1	136882717	136882717	-	1.08682772827442e-18	2.63114101539051e-16	72.4137931034483	uc.1014	Zfp281	(+257817),
chr1	136906199	136906199	-	2.07545654263483e-06	1.13054995017983e-05	-42.2332506203474	uc.1015	Zfp281	(+281299)
chr1	155627380	155627380	+	5.72510338588418e-11	1.40303017375065e-09	-42.4840904103577	uc.1095	Acbd6	(+69259),
chr1	155717664	155717664	-	3.08724230265542e-14	2.04559622925935e-12	44.5544554455445	uc.1096	Acbd6	(+159543)
chr10	14100077	14100077	-	3.18339685569752e-12	1.14468790186301e-10	-50.9090909090909	uc.1542	Adgrg6	(+444959)
chr10	14186782	14186782	-	2.0727358520914e-12	7.89693196779145e-11	47.7124183006536	uc.1543	Adgrg6	(+358254),
chr10	14287808	14287808	+	5.02194400844208e-08	4.75906996106775e-07	-41.8269230769231	uc.1544	Adgrg6	(+257228),
chr10	14469044	14469044	-	1.67342398845221e-13	8.87512594905126e-12	-44.8979591836735	uc.1545	Adgrg6	(+75992),
chr10	60839368	60839368	+	2.20147829009973e-08	2.34944615429989e-07	42.1212121212121	uc.1801	Pcbd1	(-249991),
chr10	60858224	60858224	-	1.97894155114665e-08	2.14452399804262e-07	49.6987951807229	uc.1802	Pcbd1	(-231135),
chr10	60885660	60885660	+	3.99464677722114e-10	7.49558567248543e-09	-53.2467532467533	uc.1803	Pcbd1	(-203699),
chr10	60918917	60918917	+	2.25602118142316e-15	2.10865427310651e-13	-75.7352941176471	uc.1804	Pcbd1	(-170442),
chr10	60935114	60935114	-	1.8759454641867e-12	7.24515381792985e-11	-40.3508771929825	uc.1805	Pcbd1	(-154245),
chr10	60936819	60936819	+	5.73303795176614e-13	2.5928168888361e-11	-55.9935897435897	uc.1806	Pcbd1	(-152540),
chr10	60948220	60948220	+	3.75921616765641e-10	7.1118203484505e-09	55.2631578947368	uc.1807	Pcbd1	(-141139),
chr10	60948450	60948450	+	4.27284414487935e-08	4.14944466446642e-07	44.7368421052632	uc.1808	Pcbd1	(-140909),
chr10	61063452	61063452	+	3.13979541605044e-13	1.53191389565858e-11	-46	uc.1809	Pcbd1	(-25907),
chr10	61064288	61064288	+	2.11812137932487e-07	1.63200766110065e-06	43.3492822966507	uc.1810	Pcbd1	(-25071),
chr10	61073076	61073076	-	9.55698587027296e-07	5.87407372132687e-06	58.6206896551724	uc.1811	Pcbd1	(-16283),
chr10	61076291	61076291	+	6.83079889975517e-07	4.42030351188976e-06	40.2804642166344	uc.1812	Pcbd1	(-13068)
chr10	70821812	70821812	+	5.37395832264643e-06	2.51789677190513e-05	-41.0344827586207	uc.1926	Bicc1	(+337888)
chr10	70846381	70846381	+	1.61193834648085e-10	3.42986356507578e-09	44.3262411347518	uc.1927	Bicc1	(+313319),
chr10	70938081	70938081	+	5.03827456055949e-12	1.71168667314965e-10	-44.219512195122	uc.1928	Bicc1	(+221619),
chr10	70967243	70967243	-	7.00504191779321e-07	4.51564874839868e-06	-43.9359267734554	uc.1929	Bicc1	(+192457),
chr10	70967268	70967268	-	1.89030380247103e-06	1.0439211813793e-05	-46.2623951182304	uc.1930	Bicc1	(+192432),
chr10	70967352	70967352	-	1.52243103168411e-16	1.99359401267304e-14	-70.1754385964912	uc.1931	Bicc1	(+192348),
chr10	71009868	71009868	-	8.04189770407123e-13	3.48079655696016e-11	50.7246376811594	uc.1932	Bicc1	(+149832),
chr10	71049655	71049655	-	1.72899571481399e-06	9.68439633308319e-06	45.6181533646322	uc.1933	Bicc1	(+110045),
chr10	71049756	71049756	-	2.56933182572234e-09	3.71931105675016e-08	-47.887323943662	uc.1934	Bicc1	(+109944),
chr10	71141548	71141548	-	8.74296748395987e-19	2.18063983215109e-16	-41.6666666666667	uc.1935	Bicc1	(+18152),
chr10	71157978	71157978	-	6.07831016143169e-16	6.67692758628183e-14	43.801652892562	uc.1936	Bicc1	(+1722),
chr10	71185011	71185011	+	5.04559145890111e-10	9.1624715325623e-09	45.974025974026	uc.1937	Bicc1	(-25312),
chr10	71199072	71199072	-	3.03629682313508e-08	3.09548120762444e-07	-46.7186484730344	uc.1938	Bicc1	(-39373),
chr10	71199093	71199093	-	3.27273558902831e-19	9.07244364531198e-17	-61.4035087719298	uc.1939	Bicc1	(-39394),
chr10	83736539	83736539	+	0.000246282423741932	0.000622304851948535	40.9090909090909	uc.2259	1500009L16Rik	(+13675),
chr10	83766296	83766296	+	8.31539637160689e-15	6.54013445317235e-13	-43.3333333333333	uc.2260	1500009L16Rik	(+43432),
chr10	83806173	83806173	+	1.3120225103081e-27	3.09619370244537e-24	-55.2795031055901	uc.2261	1500009L16Rik	(+83309),
chr10	83806231	83806231	-	5.7715402447739e-09	7.47809825544032e-08	-45.4545454545454	uc.2262	1500009L16Rik	(+83367),
chr10	83806242	83806242	-	5.85765353773768e-08	5.43199292128544e-07	-46.7224880382775	uc.2263	1500009L16Rik	(+83378),
chr10	83816531	83816531	+	6.04060843289816e-07	3.98337172256266e-06	50.6122448979592	uc.2264	1500009L16Rik	(+93667),
chr10	83974713	83974713	-	1.83426483096166e-09	2.78266599651465e-08	-50.5005775895264	uc.2265	1500009L16Rik	(+251849),
chr10	84309044	84309044	+	2.87481536913147e-08	2.9526021005047e-07	-40.4563492063492	uc.2266	1500009L16Rik	(+586180)
chr10	86776180	86776180	+	8.075354119754e-11	1.88840312855134e-09	-40.9090909090909	uc.2299	Nt5dc3	(-2825),
chr10	86795236	86795236	-	1.84565027632718e-11	5.26519010068752e-10	-57.4468085106383	uc.2300	Nt5dc3	(+16232),
chr10	86796996	86796996	-	1.55436959132324e-08	1.74667858465523e-07	-61.2903225806452	uc.2301	Nt5dc3	(+17992),
chr10	86853177	86853177	+	1.75872207477515e-13	9.25828396050225e-12	-51.5799045237554	uc.2302	Nt5dc3	(+74173),
chr10	86943313	86943313	+	4.46116931091405e-12	1.53872166323624e-10	55.6430446194226	uc.2303	Nt5dc3	(+164309),
chr10	87004064	87004064	-	1.58049566841853e-06	8.97931368320071e-06	-42.6447574334898	uc.2304	Nt5dc3	(+225060)
chr10	93567311	93567311	-	2.15695924316557e-23	1.81016740083583e-20	-44.047619047619	uc.2363	Snrpf	(+22395)
chr11	32375171	32375171	-	2.38394790134299e-06	1.27118105707301e-05	50.5847953216374	uc.2950	Ubtd2	(-80199)
chr11	59935867	59935867	+	1.25071593177622e-09	2.00178350024428e-08	50.5330490405117	uc.3200	Med9	(-12339)
chr11	67292440	67292440	-	7.47306993556211e-13	3.26272059058894e-11	-55.8823529411765	uc.3299	Myh8	(+15317)
chr11	99993691	99993691	-	1.34925983003767e-08	1.54844234680909e-07	-42.8571428571429	uc.3871	Krtap17-1	(+303)
chr11	108936613	108936613	-	1.03839281201536e-08	1.23694116948332e-07	42.4112761137679	uc.4103	E030025P04Rik	(+207756)
chr11	108936681	108936681	+	1.73234123947916e-09	2.64923617704813e-08	-40.79476861167	uc.4104	E030025P04Rik	(+207688),
chr11	108972198	108972198	-	7.91873638956357e-17	1.12526752038295e-14	-47.3450127461084	uc.4105	E030025P04Rik	(+172171),
chr11	109027640	109027640	+	2.62861589134085e-12	9.70801724639397e-11	-42.0289855072464	uc.4106	E030025P04Rik	(+116729),
chr11	109245087	109245087	+	3.08955490242583e-06	1.58003735384273e-05	41.8032786885246	uc.4107	E030025P04Rik	(-100719),
chr12	8341263	8341263	-	6.58033698764391e-13	2.91899101550628e-11	57.1428571428571	uc.4503	Rhob	(+158746)
chr12	8365573	8365573	+	5.39393589723127e-10	9.70662371745516e-09	-42.3676012461059	uc.4504	Rhob	(+134436),
chr12	8380966	8380966	+	2.6901016830002e-07	2.00158411955128e-06	-61.1666666666667	uc.4505	Rhob	(+119043),
chr12	8395671	8395671	-	7.43622156612101e-10	1.27927382117342e-08	48.6486486486487	uc.4506	Rhob	(+104338),
chr12	8416896	8416896	-	3.50723257535199e-14	2.28279335922911e-12	-43.0656934306569	uc.4507	Rhob	(+83113),
chr12	8477956	8477956	-	1.64460318015801e-14	1.18110959975459e-12	67.0075757575758	uc.4508	Rhob	(+22053),
chr12	8503576	8503576	+	9.23866555664685e-13	3.92639649647091e-11	45.2729044834308	uc.4509	Rhob	(-3568),
chr12	29957134	29957134	+	6.16660805151107e-06	2.82680183866318e-05	-42.5177304964539	uc.4722	Tpo	(+175490)
chr12	30058553	30058553	+	4.62084934901691e-07	3.1723773246661e-06	-40.8333333333333	uc.4723	Tpo	(+74071),
chr12	30063441	30063441	-	1.34728328849403e-10	2.94249568965635e-09	-65.2537938252224	uc.4724	Tpo	(+69183),
chr12	30187465	30187465	-	3.62439889111017e-09	4.99456494026294e-08	-41.8103023736827	uc.4725	Tpo	(-54842),
chr12	30350796	30350796	-	1.82892236028673e-08	2.00509352722749e-07	-43.3333333333333	uc.4726	Tpo	(-218173),
chr12	31547122	31547122	+	1.16170444812458e-08	1.36145183448286e-07	51.6666666666667	uc.4731	Cbll1	(-47507)
chr12	56241827	56241827	+	8.2686097654514e-09	1.01803582113228e-07	48.3141082519965	uc.4868	Mbip	(+104067)
chr12	56296569	56296569	-	2.89515699860048e-14	1.93457025155273e-12	-47.6190476190476	uc.4869	Mbip	(+49325),
chr12	56482906	56482906	+	6.30761857445203e-15	5.14645011489512e-13	-44.9655491864976	uc.4870	Mbip	(-137013),
chr12	102069653	102069653	-	1.13663232599859e-09	1.84182599763787e-08	56.9565217391304	uc.5238	Slc24a4	(-59521),
chr12	102145228	102145228	+	1.1027102666019e-08	1.30215224682529e-07	-45.4545454545455	uc.5239	Slc24a4	(+16055),
chr12	102145260	102145260	+	5.97098679951203e-05	0.000190048904418694	-41.3419913419913	uc.5240	Slc24a4	(+16087),
chr12	102174469	102174469	+	7.32252418824282e-22	4.1902139242914e-19	-48.75	uc.5241	Slc24a4	(+45296)
chr12	112840614	112840614	+	7.89346152466422e-07	4.99728584060784e-06	-41.8042452830189	uc.5531	Gpr132	(+20338)
chr12	112866630	112866630	+	3.61610825698229e-07	2.57554256796853e-06	47.2194472194472	uc.5532	Gpr132	(-5679),
chr12	112894653	112894653	+	2.99966010787365e-18	6.42527660530913e-16	-62.36802413273	uc.5533	Gpr132	(-33702),
chr12	112896973	112896973	+	6.01454936465929e-20	2.03634719531562e-17	-73.4177215189873	uc.5534	Gpr132	(-36022),
chr12	112897040	112897040	+	1.20658204592991e-14	9.0319134935457e-13	52.0833333333333	uc.5535	Gpr132	(-36089),
chr12	112911716	112911716	+	8.20726461494374e-12	2.60856289771432e-10	-46.5227817745803	uc.5536	Gpr132	(-50765),
chr13	83962095	83962095	+	4.09349592286431e-30	1.89954722401097e-26	-57.892452375211	uc.6254	Tmem161b	(-260205),
chr13	84479162	84479162	+	1.82527947060712e-05	7.03729816916904e-05	44.4915254237288	uc.6255	Tmem161b	(+256863),
chr13	84785427	84785427	-	3.91414265819122e-07	2.75627769052961e-06	47.6412347117065	uc.6256	Tmem161b	(+563128),
chr13	84929587	84929587	-	5.40639371307957e-13	2.46344901354258e-11	-41.5032679738562	uc.6257	Tmem161b	(+707288),
chr13	85065310	85065310	-	4.10353236011367e-18	8.43949123841211e-16	-57.9574468085106	uc.6258	Tmem161b	(+843011),
chr13	85178862	85178862	-	2.747976388593e-11	7.43886732483046e-10	55.5555555555556	uc.6259	Tmem161b	(+956563)
chr14	27552037	27552037	-	2.86584444514681e-18	6.18905838625589e-16	-43.1623931623932	uc.6658	Ccdc66	(-43578)
chr14	32605829	32605829	+	1.25841729617863e-17	2.27019960237899e-15	-52	uc.6707	3425401B19Rik	(+79443)
chr14	32684494	32684494	+	2.39618782727686e-08	2.52734999087939e-07	46.5116279069767	uc.6708	3425401B19Rik	(+778),
chr14	32687063	32687063	+	1.95321697763557e-06	1.07330139790848e-05	-47.718210013292	uc.6709	3425401B19Rik	(-1792),
chr14	32700214	32700214	+	1.08244445548184e-08	1.28098771564167e-07	43.489434608795	uc.6710	3425401B19Rik	(-14943),
chr14	32751665	32751665	+	5.48959338865543e-09	7.15880832675084e-08	54.795953958842	uc.6711	3425401B19Rik	(-66394),
chr14	65686367	65686367	-	3.11092007844356e-19	8.68490876985422e-17	56.1441702951137	uc.7017	Pbk	(-119470),
chr14	65715631	65715631	+	5.17060721159016e-09	6.79597247264365e-08	44.7368421052632	uc.7018	Pbk	(-90206),
chr14	65730610	65730610	+	6.92510332271909e-08	6.26911499472462e-07	-43.1874077717659	uc.7019	Pbk	(-75227)
chr14	73453416	73453416	+	1.67711224751839e-10	3.54833256696413e-09	42.2405876951331	uc.7093	Med4	(-56633)
chr15	75935251	75935251	+	1.31277649404852e-08	1.51294100433172e-07	48.3333333333333	uc.7742	Zfp623	(-5701),
chr15	75935416	75935416	-	1.23599610408597e-20	5.14726196564937e-18	-52.7318295739348	uc.7743	Zfp623	(-5536)
chr15	83530371	83530371	+	3.02959768761321e-12	1.09796421860046e-10	53.1083142639207	uc.7958	Bik	(+3510),
chr15	83530375	83530375	+	3.96507075198084e-11	1.02071874961999e-09	53.394355453852	uc.7959	Bik	(+3514),
chr15	83530507	83530507	+	3.87509137664055e-11	1.00035363419753e-09	-42.3641069887834	uc.7960	Bik	(+3646)
chr15	97990374	97990374	-	1.46612337596246e-10	3.16375559669198e-09	57.8947368421053	uc.8208	Col2a1	(+14321)
chr15	97991805	97991805	-	3.09610235084952e-10	6.0188842688312e-09	60.1255886970173	uc.8209	Col2a1	(+12890),
chr15	97994903	97994903	+	1.50369153169944e-07	1.21816573753988e-06	42.3671058609723	uc.8210	Col2a1	(+9792),
chr15	98014874	98014874	-	1.53784826600806e-06	8.77384945888255e-06	44.6910839807621	uc.8211	Col2a1	(-10180),
chr16	14674009	14674009	+	9.19886609621368e-15	7.14241767330986e-13	43.4920634920635	uc.8460	Snai2	(-31843),
chr16	14824968	14824968	+	6.2951321454089e-07	4.12466015466719e-06	-45.5102040816327	uc.8461	Snai2	(+119117),
chr16	14878908	14878908	-	3.0595620537844e-09	4.31681394704936e-08	51.25	uc.8462	Snai2	(+173057)
chr16	23527113	23527113	-	5.11672914368616e-11	1.27326338018866e-09	42.5253028040485	uc.8540	Masp1	(-6524)
chr16	23744001	23744001	+	4.98116348388573e-06	2.36191444564528e-05	44.8692152917505	uc.8541	Masp1	(-223412),
chr16	23829663	23829663	+	2.76642307267455e-09	3.96049194264096e-08	40.9836065573771	uc.8542	Masp1	(-309074),
chr16	51289474	51289474	+	3.94560608042224e-06	1.94275099639573e-05	43.3002481389578	uc.8749	Cblb	(-742075),
chr16	51486737	51486737	+	3.72951472327295e-14	2.41438202380904e-12	-64.2857142857143	uc.8750	Cblb	(-544812),
chr16	51787688	51787688	+	3.69346791932819e-06	1.83770861817594e-05	54.5454545454545	uc.8751	Cblb	(-243861),
chr16	52079706	52079706	+	9.99580198702764e-19	2.45322747717892e-16	-81.25	uc.8752	Cblb	(+48158)
chr16	90458799	90458799	-	3.17455862836279e-10	6.15028828913083e-09	55.5555555555556	uc.8953	Mis18a	(+268605)
chr16	90518681	90518681	-	5.56076620430405e-16	6.18344660520808e-14	58.2089552238806	uc.8954	Mis18a	(+208723),
chr16	90521173	90521173	+	5.0279040496064e-11	1.25455191334556e-09	-51.1904761904762	uc.8955	Mis18a	(+206231),
chr16	90528569	90528569	+	5.34889736461655e-16	5.97794761368181e-14	45.5284552845528	uc.8956	Mis18a	(+198835),
chr16	90616236	90616236	+	3.82989617323248e-07	2.70513207304635e-06	-48.4688995215311	uc.8957	Mis18a	(+111168),
chr16	90673238	90673238	-	1.23509681202542e-05	5.06991518583857e-05	40.9473684210526	uc.8958	Mis18a	(+54166),
chr17	24058656	24058656	+	6.87043062971751e-09	8.68230486572316e-08	46.015037593985	uc.9242	Kctd5	(+14829)
chr17	35575383	35575383	+	1.25917416998664e-07	1.04654733603249e-06	-40.4761904761905	uc.9551	2300002M23Rik	(+7934),
chr17	35603747	35603747	-	3.16734882995101e-09	4.4458335138649e-08	41.5026833631485	uc.9552	2300002M23Rik	(+36298),
chr17	35618089	35618089	-	4.03638585558333e-08	3.9501014095151e-07	44.1176470588235	uc.9553	2300002M23Rik	(+50640)
chr17	38870791	38870791	+	3.59725664912228e-17	5.65774394673461e-15	-48.5817805383023	uc.9585	Esp31	(+231345)
chr17	86978620	86978620	+	6.98856222905333e-09	8.80479117358223e-08	55.2279874213836	uc.10109	Pigf	(+46786)
chr17	86983035	86983035	-	3.36134383005281e-14	2.20002483549343e-12	61.8181818181818	uc.10110	Pigf	(+42371),
chr18	47409023	47409023	-	5.23138025733853e-11	1.2969426367713e-09	-42.6668002404328	uc.10491	Eno1b	(-636312),
chr18	47469349	47469349	-	2.35315349698907e-11	6.4968260900222e-10	42.4585365853659	uc.10492	Eno1b	(-575986),
chr18	47522923	47522923	-	3.7362927385798e-12	1.31691500643753e-10	-57.3667711598746	uc.10493	Eno1b	(-522412),
chr18	47616912	47616912	-	5.77240167005676e-05	0.000184792884472429	-50	uc.10494	Eno1b	(-428423),
chr18	47831778	47831778	-	2.61242095894293e-19	7.41696531051906e-17	73.7704918032787	uc.10495	Eno1b	(-213557),
chr18	47898511	47898511	-	5.85869498677141e-06	2.70774877908861e-05	41.8181818181818	uc.10496	Eno1b	(-146824),
chr18	48220751	48220751	+	7.77603746140958e-07	4.93499683314761e-06	47.8362573099415	uc.10497	Eno1b	(+175417)
chr18	66321621	66321621	+	2.93156927180398e-09	4.1613181955795e-08	-42.3414634146341	uc.10656	Pmaip1	(-136983),
chr18	66472780	66472780	-	6.94975902225861e-14	4.13903422148769e-12	62.1621621621622	uc.10657	Pmaip1	(+14177),
chr18	66514861	66514861	+	6.56175828675181e-08	5.9879486545084e-07	40.3628117913832	uc.10658	Pmaip1	(+56258),
chr18	66654030	66654030	-	5.40449336401256e-12	1.81621009835327e-10	-55.2205882352941	uc.10659	Pmaip1	(+195427),
chr18	66654034	66654034	-	2.32766590211068e-10	4.70429942712271e-09	-49.9264705882353	uc.10660	Pmaip1	(+195431),
chr18	66661570	66661570	-	2.08361256698377e-07	1.60948344951457e-06	-54.8875855327468	uc.10661	Pmaip1	(+202967),
chr18	66760946	66760946	-	5.7303001554122e-23	4.34430809677419e-20	59.5505617977528	uc.10662	Pmaip1	(+302343)
chr18	76859755	76859755	-	1.08236146632395e-12	4.50168457178441e-11	-40.3062886933855	uc.10774	Ier3ip1	(-70262),
chr18	76873052	76873052	-	9.7838552574373e-06	4.16857486844664e-05	-43.1419457735247	uc.10775	Ier3ip1	(-56965)
chr19	29325944	29325944	-	2.20776519008262e-07	1.690606446346e-06	-44.4401544401544	uc.11224	Insl6	(-589)
chr19	43653874	43653874	+	7.79685934404892e-08	6.93885172147589e-07	41.8918918918919	uc.11361	Slc25a28	(+21007)
chr2	24385774	24385774	-	0.000145310805073705	0.000400138574553771	41.7777777777778	uc.11753	Pax8	(+89825)
chr2	24435749	24435749	+	1.61167398954635e-10	3.42949494222451e-09	72.0893141945773	uc.11754	Pax8	(+39850),
chr2	24579021	24579021	-	3.79035515125421e-15	3.3102395023941e-13	-78.8461538461538	uc.11755	Pax8	(-103423),
chr2	24585970	24585970	-	1.52963151145072e-09	2.38077385967806e-08	41.0714285714286	uc.11756	Pax8	(-110372),
chr2	24607524	24607524	+	4.30415624751988e-14	2.73319861215555e-12	-61.1111111111111	uc.11757	Pax8	(-131926),
chr2	24607554	24607554	+	2.27014782310929e-09	3.34809515812065e-08	-42.5925925925926	uc.11758	Pax8	(-131956),
chr2	71129760	71129760	-	1.75467443386987e-11	5.0384548893891e-10	-46.3414634146341	uc.12184	Cybrd1	(+11838),
chr2	71150391	71150391	-	1.76581904843255e-10	3.70915365779164e-09	-40.2173913043478	uc.12185	Cybrd1	(+32469)
chr2	106038128	106038128	+	7.41127457051353e-18	1.42102955140074e-15	65.8823529411765	uc.12443	Mpped2	(-655141),
chr2	106038266	106038266	+	4.18135350462024e-06	2.03985742302408e-05	40.1176470588235	uc.12444	Mpped2	(-655003),
chr2	106093663	106093663	-	3.9533653061701e-08	3.87951369951233e-07	-41.3793103448276	uc.12445	Mpped2	(-599606),
chr2	106093687	106093687	-	3.9533653061701e-08	3.87951369951233e-07	-41.3793103448276	uc.12446	Mpped2	(-599582),
chr2	106163171	106163171	-	1.63458565802965e-06	9.23540227806782e-06	-44.4744744744745	uc.12447	Mpped2	(-530098),
chr2	106394281	106394281	+	4.97966226387346e-07	3.3816337982796e-06	-44.4444444444444	uc.12448	Mpped2	(-298988),
chr2	106474820	106474820	-	1.01466471881153e-05	4.29857208102587e-05	-40.7692307692308	uc.12449	Mpped2	(-218449),
chr2	106822216	106822216	+	2.29178867526808e-08	2.43335922110509e-07	-43.9869281045752	uc.12450	Mpped2	(+128948),
chr2	106920874	106920874	-	5.96654298759206e-16	6.57508036338504e-14	46.1538461538462	uc.12451	Mpped2	(+227606),
chr2	106927122	106927122	+	2.78353365654405e-10	5.48999769059534e-09	41.9753086419753	uc.12452	Mpped2	(+233854),
chr2	106927146	106927146	+	5.26364545489514e-12	1.77590708703901e-10	59.75	uc.12453	Mpped2	(+233878)
chr2	113927727	113927727	-	2.04511590035619e-18	4.60950759634242e-16	50	uc.12480	Gjd2	(+85892)
chr2	113955725	113955725	-	8.40896162580863e-15	6.60243975752103e-13	-61.2903225806452	uc.12481	Gjd2	(+57894),
chr2	152671378	152671378	+	9.87359898332961e-07	6.03843082784544e-06	44.3181818181818	uc.12734	Mcts2	(-15657),
chr2	152671388	152671388	-	1.69629514649148e-06	9.52887784840357e-06	-42.7437641723356	uc.12735	Mcts2	(-15647),
chr2	152723918	152723918	+	1.08920905715046e-12	4.52641447193664e-11	40.2985074626866	uc.12736	Mcts2	(+36884),
chr2	152725510	152725510	-	4.57936906999571e-09	6.11980405944724e-08	-40.4761904761905	uc.12737	Mcts2	(+38476)
chr2	164776965	164776965	-	4.56192234082761e-15	3.89355488714642e-13	75.8687258687259	uc.12959	Tnnc2	(+2776)
chr3	8718351	8718351	+	2.41079325484429e-09	3.52250237258503e-08	-50	uc.13389	Hey1	(-51096)
chr3	8750313	8750313	+	1.50693115138854e-17	2.66540498797554e-15	59.3023255813953	uc.13390	Hey1	(-83058),
chr3	8765331	8765331	-	1.75708467478679e-07	1.39142033829693e-06	-41.679707876891	uc.13391	Hey1	(-98076),
chr3	9270390	9270390	+	4.9508524051303e-11	1.23778707154987e-09	-56.25	uc.13394	Zfp704	(+339695)
chr3	9358347	9358347	+	6.19221650489879e-07	4.06789537193028e-06	-55.4400554400554	uc.13395	Zfp704	(+251738),
chr3	9446035	9446035	-	3.9914293627005e-15	3.46774579219339e-13	-44.7619047619048	uc.13396	Zfp704	(+164050),
chr3	9484500	9484500	+	1.15632478873054e-07	9.72795121189641e-07	-54.8016101207591	uc.13397	Zfp704	(+125585),
chr3	9484538	9484538	-	8.02136329558624e-20	2.61943286973926e-17	-64.8351648351648	uc.13398	Zfp704	(+125547),
chr3	9489501	9489501	+	6.45010065509966e-21	2.8981262673322e-18	45.3154495777447	uc.13399	Zfp704	(+120584),
chr3	9617642	9617642	+	8.10508620328411e-11	1.8949546729934e-09	59.375	uc.13400	Zfp704	(-7558),
chr3	9678340	9678340	-	7.97237675058509e-12	2.54312904364084e-10	48.3333333333333	uc.13401	Zfp704	(-68256),
chr3	69367552	69367552	+	5.48601520358785e-10	9.85049581694363e-09	40.7777891191181	uc.13699	B3galnt1	(+231408)
chr3	69371295	69371295	+	3.03502699713612e-12	1.09935466581472e-10	47.6653921909396	uc.13700	B3galnt1	(+227665),
chr3	69417602	69417602	-	9.16522964636639e-09	1.1110383800322e-07	-43.1073446327684	uc.13701	B3galnt1	(+181358),
chr3	69484839	69484839	+	1.76827936858466e-12	6.87404444609222e-11	41.8839758125472	uc.13702	B3galnt1	(+114121),
chr3	69484857	69484857	+	6.59289126371896e-15	5.34760179047551e-13	44.3602693602694	uc.13703	B3galnt1	(+114103),
chr3	69572941	69572941	-	2.03509643393817e-08	2.19628778062878e-07	-41.6666666666667	uc.13704	B3galnt1	(+26019),
chr3	92938084	92938084	-	1.20133003885878e-07	1.00506661170024e-06	-40.3418803418803	uc.13894	Lce3c	(-6402)
chr3	97602713	97602713	+	3.00580318281615e-08	3.06886914169386e-07	-41.6666666666667	uc.13959	Chd1l	(+7490)
chr3	97602960	97602960	+	3.00580318281615e-08	3.06886914169386e-07	-41.6666666666667	uc.13960	Chd1l	(+7243),
chr3	132706230	132706230	+	3.63099782546848e-10	6.90425965774699e-09	72.8571428571428	uc.14203	Npnt	(+243813)
chr3	132706314	132706314	+	1.25996543392406e-07	1.04717346307507e-06	50	uc.14204	Npnt	(+243729),
chr3	132852541	132852541	+	4.14334298517687e-25	5.35828370763128e-22	-58.3333333333333	uc.14205	Npnt	(+97502),
chr3	132878551	132878551	-	5.78768216980612e-06	2.67984034648737e-05	-41.7211328976035	uc.14206	Npnt	(+71492),
chr3	132964283	132964283	-	1.07295220938191e-25	1.64125427600656e-22	-63.6363636363636	uc.14207	Npnt	(-14241),
chr3	132965359	132965359	+	7.06922958624637e-12	2.29183651227731e-10	57.1760236386661	uc.14208	Npnt	(-15317),
chr3	132965407	132965407	-	1.75191620172616e-09	2.67517114709179e-08	42.342532125553	uc.14209	Npnt	(-15365),
chr3	133029703	133029703	-	8.40579369471167e-15	6.60089096212934e-13	-47.4644674504299	uc.14210	Npnt	(-79661),
chr4	13930334	13930334	+	1.13890196104719e-07	9.60062471579059e-07	40.5291540276373	uc.14447	Slc26a7	(+691471)
chr4	14078155	14078155	-	1.3676023705252e-06	7.94605454301809e-06	-46.5220949263502	uc.14448	Slc26a7	(+543650),
chr4	14137171	14137171	+	1.30114963740561e-14	9.63789723638472e-13	45.6140350877193	uc.14449	Slc26a7	(+484634),
chr4	14137391	14137391	-	3.20651815337102e-08	3.24244167891136e-07	49.1525423728814	uc.14450	Slc26a7	(+484414),
chr4	121012681	121012681	+	2.03159986714283e-11	5.72001070430435e-10	55.0561797752809	uc.15190	Smap2	(+4566)
chr5	104653125	104653125	+	1.25346674956589e-15	1.25758424208627e-13	-52.4590163934426	uc.16902	BC005561	(+144774),
chr5	104653133	104653133	+	6.36709831295946e-12	2.09183878224817e-10	-40.9836065573771	uc.16903	BC005561	(+144782),
chr5	104827432	104827432	+	1.30505685075074e-12	5.28732819838126e-11	-42.5742574257426	uc.16904	BC005561	(+319081)
chr5	109820029	109820029	-	8.76011618476222e-09	1.06854415368673e-07	50.1424501424501	uc.16946	4930522L14Rik	(-68433)
chr5	109907063	109907063	+	2.46269475054501e-16	3.02877448287073e-14	62.5	uc.16947	4930522L14Rik	(-155467),
chr6	25093290	25093290	+	1.03594785384236e-13	5.86245841847289e-12	-56.6666666666667	uc.18173	Gpr37	(+597439)
chr6	25093305	25093305	+	2.41616976879437e-10	4.86022248173685e-09	-43.3333333333333	uc.18174	Gpr37	(+597424),
chr6	25148437	25148437	-	1.02335796152729e-08	1.22140284267202e-07	53.5294117647059	uc.18175	Gpr37	(+542292),
chr6	25453862	25453862	-	1.57953363483122e-10	3.37133236480705e-09	45.484613172275	uc.18176	Gpr37	(+236867),
chr6	25669695	25669695	+	7.58873498562894e-11	1.78999622781777e-09	48.3606557377049	uc.18177	Gpr37	(+21034),
chr6	25669696	25669696	-	2.03046264755866e-17	3.46061023976258e-15	-62.5851393188855	uc.18178	Gpr37	(+21033),
chr6	25688077	25688077	+	3.47815817047356e-10	6.65561120943157e-09	58.1395348837209	uc.18179	Gpr37	(+2652),
chr7	14176519	14176519	-	3.79298441485975e-12	1.33425680835831e-10	41.106156911109	uc.19368	Sult2a3	(-53476)
chr7	30860786	30860786	+	6.74115194395336e-13	2.98087606715775e-11	48.2816511949437	uc.19709	Ffar1	(+778)
chr7	30860818	30860818	+	3.50226670113951e-10	6.69521460397027e-09	-41.6843971631206	uc.19710	Ffar1	(+746),
chr7	30866639	30866639	+	4.90903212253868e-09	6.49855398744508e-08	47.1014492753623	uc.19711	Ffar1	(-5076),
chr7	30867528	30867528	-	7.63949995129836e-12	2.44925278048454e-10	-57.2222222222222	uc.19712	Ffar1	(-5965),
chr7	30873933	30873933	-	6.23866627164766e-11	1.50986372086436e-09	-42.1642209028789	uc.19713	Ffar1	(-12370),
chr7	30873935	30873935	-	5.88943191573248e-14	3.58210311633749e-12	-46.9698666965386	uc.19714	Ffar1	(-12372),
chr7	30875868	30875868	-	2.17403066754196e-14	1.5051618942603e-12	-61.7666232073012	uc.19715	Ffar1	(-14305),
chr7	75514426	75514426	+	2.50621071176785e-13	1.2592808490366e-11	73.5849056603774	uc.20164	Klhl25	(-333884),
chr7	75739429	75739429	-	8.23488076983677e-15	6.48327208461653e-13	-46.1038961038961	uc.20165	Klhl25	(-108881),
chr7	75940550	75940550	+	4.64145760989703e-10	8.52871697007195e-09	-52.2222222222222	uc.20166	Klhl25	(+92241)
chr7	110787506	110787506	-	1.34735453129386e-14	9.94679078899358e-13	40.5496183206107	uc.20466	Rnf141	(+56951)
chr7	110802483	110802483	-	5.60753607622018e-16	6.22921084971848e-14	-46.4824495892457	uc.20467	Rnf141	(+41974),
chr7	116643995	116643995	-	1.41663525319197e-13	7.69049665645532e-12	-43.4173669467787	uc.20505	Nucb2	(+139627),
chr7	117040021	117040021	-	4.62528831471723e-14	2.91067944124601e-12	-57.661038148843	uc.20506	Nucb2	(+535653),
chr7	117040030	117040030	-	1.37782628351642e-14	1.01378640422124e-12	-58.505315822389	uc.20507	Nucb2	(+535662),
chr7	117123211	117123211	+	3.50431053516264e-18	7.33551293404509e-16	48.5779381051832	uc.20508	Nucb2	(+618843)
chr7	127108901	127108901	+	4.9497444863567e-09	6.54491763642082e-08	-51.3513513513513	uc.20615	AI467606	(+17543),
chr7	127108907	127108907	+	4.9497444863567e-09	6.54491763642082e-08	-51.3513513513513	uc.20616	AI467606	(+17549),
chr7	127108909	127108909	+	8.50817257976185e-13	3.65641662664401e-11	-69.4444444444444	uc.20617	AI467606	(+17551)
chr7	135970641	135970641	-	4.49375593263234e-05	0.000149901714744205	-40.9523809523809	uc.20730	Mgmt	(-923973),
chr7	136138363	136138363	-	1.76158701466446e-08	1.94137035183474e-07	42.0161417945877	uc.20731	Mgmt	(-756251),
chr7	136196011	136196011	-	1.3173319712604e-11	3.93020289148935e-10	-41.8181818181818	uc.20732	Mgmt	(-698603),
chr7	136197723	136197723	-	5.25048802791438e-08	4.94400363706184e-07	-47.0559961547705	uc.20733	Mgmt	(-696891),
chr7	136229498	136229498	+	1.01623694137024e-08	1.21408409990084e-07	50	uc.20734	Mgmt	(-665116),
chr7	136349784	136349784	-	1.15674108062868e-43	4.25841119101201e-39	86.4197530864198	uc.20735	Mgmt	(-544830),
chr7	136418510	136418510	-	3.82266631921505e-16	4.45432986453072e-14	-58	uc.20736	Mgmt	(-476104),
chr7	136434828	136434828	-	3.20906736776073e-12	1.15309257744431e-10	-44.6428571428571	uc.20737	Mgmt	(-459786),
chr7	136501943	136501943	+	1.24096939554476e-12	5.06671517911263e-11	-50.7692307692308	uc.20738	Mgmt	(-392671),
chr7	136527135	136527135	+	2.31743816395446e-12	8.69721281528453e-11	43.7520882058136	uc.20739	Mgmt	(-367479),
chr7	136583730	136583730	+	1.30129047923433e-12	5.27593988955234e-11	-67.3488372093023	uc.20740	Mgmt	(-310884),
chr7	136583872	136583872	-	2.41171673697291e-25	3.3128588952496e-22	-73.8636363636364	uc.20741	Mgmt	(-310742),
chr7	136617070	136617070	-	6.91409131943528e-10	1.20173004920296e-08	-58.7912087912088	uc.20742	Mgmt	(-277544),
chr7	136724859	136724859	-	3.03156778748333e-08	3.09105946451235e-07	42.545871559633	uc.20743	Mgmt	(-169755),
chr7	136767339	136767339	-	1.15678924896984e-05	4.79848168682454e-05	-46.7320261437908	uc.20744	Mgmt	(-127275),
chr7	136767349	136767349	-	1.15678924896984e-05	4.79848168682454e-05	-46.7320261437908	uc.20745	Mgmt	(-127265),
chr7	136791889	136791889	-	6.36709830797833e-12	2.09183878224817e-10	-40.9836065573771	uc.20746	Mgmt	(-102725),
chr7	136826066	136826066	-	5.26576605463221e-12	1.77643185516096e-10	56.7765567765568	uc.20747	Mgmt	(-68548),
chr7	136826092	136826092	-	6.85623738501577e-09	8.66694701470743e-08	-41.025641025641	uc.20748	Mgmt	(-68522),
chr7	136872289	136872289	+	1.06710933213551e-07	9.07792565442275e-07	-46.690518783542	uc.20749	Mgmt	(-22325),
chr7	136906333	136906333	+	3.50566552798019e-09	4.85444743937732e-08	46.2264150943396	uc.20750	Mgmt	(+11720),
chr7	137006951	137006951	-	1.46219274247839e-10	3.15712426173416e-09	-63.5454545454545	uc.20751	Mgmt	(+112338),
chr7	137253443	137253443	-	2.11130742826605e-09	3.14440059428217e-08	53.2163742690059	uc.20752	Mgmt	(+358830),
chr7	137253502	137253502	+	2.37885422876369e-06	1.26874676295155e-05	-44.5842868039664	uc.20753	Mgmt	(+358889),
chr7	137253507	137253507	-	5.6790251308061e-11	1.39291245866224e-09	-49.7899159663866	uc.20754	Mgmt	(+358894),
chr7	137253570	137253570	+	2.11702350465319e-08	2.2723580364995e-07	-40.9638554216867	uc.20755	Mgmt	(+358957),
chr7	137267706	137267706	-	1.88102601610261e-26	3.48562957818789e-23	48.4615384615385	uc.20756	Mgmt	(+373093),
chr7	137289120	137289120	+	1.48390935258889e-10	3.19701383392925e-09	-42.9519071310116	uc.20757	Mgmt	(+394507),
chr7	137298197	137298197	-	3.15786691481842e-11	8.38566661840852e-10	46.8395945140131	uc.20758	Mgmt	(+403584),
chr7	137298248	137298248	+	4.22417652642314e-16	4.87079572207782e-14	-51.843062806518	uc.20759	Mgmt	(+403635)
chr7	138601464	138601464	+	2.80965258410475e-14	1.88496250050215e-12	-41.64615499366	uc.20767	Mapk1ip1	(+244809)
chr7	138626448	138626448	+	9.52406049144944e-08	8.23561289674651e-07	43.9799331103679	uc.20768	Mapk1ip1	(+219825),
chr7	138626449	138626449	-	1.24085706186022e-15	1.24674526276512e-13	66.6150670794634	uc.20769	Mapk1ip1	(+219824),
chr7	138626465	138626465	-	1.85527544893804e-12	7.17536031031783e-11	50	uc.20770	Mapk1ip1	(+219808),
chr7	138638597	138638597	-	4.05071154708735e-07	2.83768721233351e-06	-48.4303350970018	uc.20771	Mapk1ip1	(+207676),
chr7	138762308	138762308	+	3.53853753718726e-16	4.15569701474927e-14	-56.7984254551419	uc.20772	Mapk1ip1	(+83965),
chr8	94935751	94935751	-	1.17959395561104e-15	1.19322443495157e-13	70.1388888888889	uc.21781	Adgrg1	(-41356),
chr8	94969900	94969900	+	6.19226286350427e-17	9.12574617381899e-15	-60.6542882404951	uc.21782	Adgrg1	(-7207),
chr8	94970144	94970144	-	1.48267696396468e-16	1.9471031800298e-14	40.6692474942992	uc.21783	Adgrg1	(-6963)
chr8	95321229	95321229	+	4.10611362431898e-10	7.67423269565402e-09	51.3513513513513	uc.21791	Zfp319	(+10721)
chr8	95325627	95325627	-	2.20269355655075e-17	3.71176381896789e-15	49.4736842105263	uc.21792	Zfp319	(+6323),
chr8	95329112	95329112	-	1.36191039111032e-10	2.96927437324007e-09	54.2105263157895	uc.21793	Zfp319	(+2838),
chr8	95711663	95711663	+	1.40836250091626e-08	1.60554313653455e-07	-63.2575757575758	uc.21804	Setd6	(-4218)
chr8	106030259	106030259	-	3.05466412688996e-12	1.10545249897218e-10	46.2686567164179	uc.21882	Ddx28	(-18378)
chr9	20666080	20666080	-	3.38640512081636e-15	2.99679487012142e-13	-40.5167182959154	uc.22502	Pin1	(+13986),
chr9	20687482	20687482	+	4.85971858909596e-12	1.65898583249722e-10	49.0196078431373	uc.22503	Pin1	(+35388)
chr9	45328688	45328688	+	3.37379664464003e-16	3.98681253486708e-14	-56.25	uc.22775	Fxyd6	(-41497)
chr9	57484835	57484835	+	1.08728579587234e-10	2.44326489284233e-09	52.3939393939394	uc.22914	Scamp5	(-16778)
chr9	57485028	57485028	-	9.15803251422359e-07	5.66835784504566e-06	-49.7435897435898	uc.22915	Scamp5	(-16971),
chr9	62697945	62697945	+	1.25819896224656e-09	2.01247692197964e-08	-56.4660691421255	uc.23000	Fem1b	(+113989)
chr9	62708889	62708889	-	2.78627054742423e-10	5.49480692279577e-09	-56.7901234567901	uc.23001	Fem1b	(+103045),
chr9	62744050	62744050	-	5.20568727323318e-11	1.29184889348263e-09	-43.0769230769231	uc.23002	Fem1b	(+67884),
chr9	62744062	62744062	-	1.44355921299389e-08	1.63950750887257e-07	-41.1671087533157	uc.23003	Fem1b	(+67872),
chr9	62744071	62744071	-	5.22622478242453e-22	3.13011185971051e-19	-78.2758620689655	uc.23004	Fem1b	(+67863),
chr9	62744247	62744247	-	1.9381459079458e-10	4.01975464989648e-09	-55.2519893899204	uc.23005	Fem1b	(+67687),
chr9	62767629	62767629	-	4.74059090610338e-07	3.24289210529401e-06	-51.6768292682927	uc.23006	Fem1b	(+44305),
chr9	62816623	62816623	-	1.35068960026808e-09	2.13983705182704e-08	-56.3390313390313	uc.23007	Fem1b	(-4690),
chr9	62830091	62830091	+	1.62392605193484e-10	3.45220571791976e-09	-45.679012345679	uc.23008	Fem1b	(-18158),
chr9	62830162	62830162	-	1.13321731504987e-07	9.56179489814436e-07	-40.0297619047619	uc.23009	Fem1b	(-18229),
chrX	9831722	9831722	+	1.23539067527405e-08	1.43592532126351e-07	44.6153846153846	uc.23721	Hypm	(-15206)
chrX	73715996	73715996	+	3.36061479260706e-09	4.68082120111981e-08	41.1764705882353	uc.24141	Abcd1	(-601),
chrX	73717052	73717052	+	2.64949835807102e-06	1.3891175698926e-05	43.7739463601533	uc.24142	Abcd1	(+456)
chrX	104639037	104639037	+	1.40292973175163e-09	2.21061213100616e-08	-43.8898971566848	uc.24413	Zdhhc15	(+32027)
chrX	142228305	142228305	+	2.6536051444175e-18	5.76906295113583e-16	58.3068783068783	uc.24643	Kcne1l	(+77989)
chrX	142305773	142305773	-	6.65660307933341e-10	1.16308994849783e-08	-40.3085177733065	uc.24644	Kcne1l	(+521),
